Datetime,Ticker,High,Low,Source
2026-04-20 9:30,MSFT,423.13,417.12,"hourly-archive (pre-deletion snapshot, rescued 2026-07-16)"
2026-04-20 10:30,MSFT,419.67,416.32,"hourly-archive (pre-deletion snapshot, rescued 2026-07-16)"
2026-04-20 11:30,MSFT,418.93,416.62,"hourly-archive (pre-deletion snapshot, rescued 2026-07-16)"
2026-04-20 12:30,MSFT,420.17,418.51,"hourly-archive (pre-deletion snapshot, rescued 2026-07-16)"
2026-04-20 13:30,MSFT,419.18,417.82,"hourly-archive (pre-deletion snapshot, rescued 2026-07-16)"
2026-04-20 14:30,MSFT,418.66,416.74,"hourly-archive (pre-deletion snapshot, rescued 2026-07-16)"
2026-04-20 15:30,MSFT,418.15,416.81,"hourly-archive (pre-deletion snapshot, rescued 2026-07-16)"
2026-04-21 9:30,MSFT,425.38,417.2,"hourly-archive (pre-deletion snapshot, rescued 2026-07-16)"
2026-04-21 10:30,MSFT,427.17,422.98,"hourly-archive (pre-deletion snapshot, rescued 2026-07-16)"
2026-04-21 11:30,MSFT,426.92,424.44,"hourly-archive (pre-deletion snapshot, rescued 2026-07-16)"
2026-04-21 12:30,MSFT,426.48,423.43,"hourly-archive (pre-deletion snapshot, rescued 2026-07-16)"
2026-04-21 13:30,MSFT,426.9,424.73,"hourly-archive (pre-deletion snapshot, rescued 2026-07-16)"
2026-04-21 14:30,MSFT,427.18,425.29,"hourly-archive (pre-deletion snapshot, rescued 2026-07-16)"
2026-04-21 15:30,MSFT,426.56,423.33,"hourly-archive (pre-deletion snapshot, rescued 2026-07-16)"
2026-04-22 9:30,MSFT,431.29,423.7,"hourly-archive (pre-deletion snapshot, rescued 2026-07-16)"
2026-04-22 10:30,MSFT,432.32,429.55,"hourly-archive (pre-deletion snapshot, rescued 2026-07-16)"
2026-04-22 11:30,MSFT,433.18,431.39,"hourly-archive (pre-deletion snapshot, rescued 2026-07-16)"
2026-04-22 12:30,MSFT,432.27,430.33,"hourly-archive (pre-deletion snapshot, rescued 2026-07-16)"
2026-04-22 13:30,MSFT,431.97,430.62,"hourly-archive (pre-deletion snapshot, rescued 2026-07-16)"
2026-04-22 14:30,MSFT,432.18,430.63,"hourly-archive (pre-deletion snapshot, rescued 2026-07-16)"
2026-04-22 15:30,MSFT,434,431.79,"hourly-archive (pre-deletion snapshot, rescued 2026-07-16)"
2026-04-23 9:30,MSFT,423.09,415.8,"hourly-archive (pre-deletion snapshot, rescued 2026-07-16)"
2026-04-23 10:30,MSFT,423.35,418.34,"hourly-archive (pre-deletion snapshot, rescued 2026-07-16)"
2026-04-23 11:30,MSFT,423.33,417.81,"hourly-archive (pre-deletion snapshot, rescued 2026-07-16)"
2026-04-23 12:30,MSFT,418.06,414.5,"hourly-archive (pre-deletion snapshot, rescued 2026-07-16)"
2026-04-23 13:30,MSFT,415.79,411.41,"hourly-archive (pre-deletion snapshot, rescued 2026-07-16)"
2026-04-23 14:30,MSFT,416.71,414.15,"hourly-archive (pre-deletion snapshot, rescued 2026-07-16)"
2026-04-23 15:30,MSFT,416.68,415.03,"hourly-archive (pre-deletion snapshot, rescued 2026-07-16)"
2026-04-24 9:30,MSFT,421.62,415.8,"hourly-archive (pre-deletion snapshot, rescued 2026-07-16)"
2026-04-24 10:30,MSFT,420.02,417.22,"hourly-archive (pre-deletion snapshot, rescued 2026-07-16)"
2026-04-24 11:30,MSFT,421.94,418.27,"hourly-archive (pre-deletion snapshot, rescued 2026-07-16)"
2026-04-24 12:30,MSFT,419.91,418.76,"hourly-archive (pre-deletion snapshot, rescued 2026-07-16)"
2026-04-24 13:30,MSFT,422.06,418.64,"hourly-archive (pre-deletion snapshot, rescued 2026-07-16)"
2026-04-24 14:30,MSFT,424.47,421.86,"hourly-archive (pre-deletion snapshot, rescued 2026-07-16)"
2026-04-24 15:30,MSFT,424.95,423.18,"hourly-archive (pre-deletion snapshot, rescued 2026-07-16)"
2026-04-27 9:30,MSFT,424.68,417.1,"hourly-archive (pre-deletion snapshot, rescued 2026-07-16)"
2026-04-27 10:30,MSFT,424.64,421.37,"hourly-archive (pre-deletion snapshot, rescued 2026-07-16)"
2026-04-27 11:30,MSFT,424.02,421.6,"hourly-archive (pre-deletion snapshot, rescued 2026-07-16)"
2026-04-27 12:30,MSFT,425.17,423.21,"hourly-archive (pre-deletion snapshot, rescued 2026-07-16)"
2026-04-27 13:30,MSFT,426.8,425.05,"hourly-archive (pre-deletion snapshot, rescued 2026-07-16)"
2026-04-27 14:30,MSFT,427.09,424.28,"hourly-archive (pre-deletion snapshot, rescued 2026-07-16)"
2026-04-27 15:30,MSFT,426.18,424.14,"hourly-archive (pre-deletion snapshot, rescued 2026-07-16)"
2026-04-28 9:30,MSFT,428.05,421.95,"hourly-archive (pre-deletion snapshot, rescued 2026-07-16)"
2026-04-28 10:30,MSFT,426.97,424.85,"hourly-archive (pre-deletion snapshot, rescued 2026-07-16)"
2026-04-28 11:30,MSFT,428.58,425.56,"hourly-archive (pre-deletion snapshot, rescued 2026-07-16)"
2026-04-28 12:30,MSFT,429.19,427.38,"hourly-archive (pre-deletion snapshot, rescued 2026-07-16)"
2026-04-28 13:30,MSFT,429.03,426.31,"hourly-archive (pre-deletion snapshot, rescued 2026-07-16)"
2026-04-28 14:30,MSFT,429.07,426.08,"hourly-archive (pre-deletion snapshot, rescued 2026-07-16)"
2026-04-28 15:30,MSFT,429.92,428.65,"hourly-archive (pre-deletion snapshot, rescued 2026-07-16)"
2026-04-29 9:30,MSFT,426.78,421.79,"hourly-archive (pre-deletion snapshot, rescued 2026-07-16)"
2026-04-29 10:30,MSFT,425.82,424.05,"hourly-archive (pre-deletion snapshot, rescued 2026-07-16)"
2026-04-29 11:30,MSFT,425.26,421.74,"hourly-archive (pre-deletion snapshot, rescued 2026-07-16)"
2026-04-29 12:30,MSFT,423.15,420.3,"hourly-archive (pre-deletion snapshot, rescued 2026-07-16)"
2026-04-29 13:30,MSFT,424.23,422.5,"hourly-archive (pre-deletion snapshot, rescued 2026-07-16)"
2026-04-29 14:30,MSFT,425.41,422.99,"hourly-archive (pre-deletion snapshot, rescued 2026-07-16)"
2026-04-29 15:30,MSFT,425.2,423.17,"hourly-archive (pre-deletion snapshot, rescued 2026-07-16)"
2026-04-30 9:30,MSFT,414.42,400.13,"hourly-archive (pre-deletion snapshot, rescued 2026-07-16)"
2026-04-30 10:30,MSFT,406.98,401.14,"hourly-archive (pre-deletion snapshot, rescued 2026-07-16)"
2026-04-30 11:30,MSFT,403.9,400.86,"hourly-archive (pre-deletion snapshot, rescued 2026-07-16)"
2026-04-30 12:30,MSFT,401.68,398.01,"hourly-archive (pre-deletion snapshot, rescued 2026-07-16)"
2026-04-30 13:30,MSFT,406.18,400.93,"hourly-archive (pre-deletion snapshot, rescued 2026-07-16)"
2026-04-30 14:30,MSFT,408.93,406.11,"hourly-archive (pre-deletion snapshot, rescued 2026-07-16)"
2026-04-30 15:30,MSFT,410.16,407.47,"hourly-archive (pre-deletion snapshot, rescued 2026-07-16)"
2026-05-01 9:30,MSFT,416.27,410.45,"hourly-archive (pre-deletion snapshot, rescued 2026-07-16)"
2026-05-01 10:30,MSFT,414.72,411.08,"hourly-archive (pre-deletion snapshot, rescued 2026-07-16)"
2026-05-01 11:30,MSFT,417.11,412.99,"hourly-archive (pre-deletion snapshot, rescued 2026-07-16)"
2026-05-01 12:30,MSFT,414.61,412.75,"hourly-archive (pre-deletion snapshot, rescued 2026-07-16)"
2026-05-01 13:30,MSFT,416,413.94,"hourly-archive (pre-deletion snapshot, rescued 2026-07-16)"
2026-05-01 14:30,MSFT,416.31,414.42,"hourly-archive (pre-deletion snapshot, rescued 2026-07-16)"
2026-05-01 15:30,MSFT,417.1,413.43,"hourly-archive (pre-deletion snapshot, rescued 2026-07-16)"
2026-05-04 9:30,MSFT,420.77,410.8,"hourly-archive (pre-deletion snapshot, rescued 2026-07-16)"
2026-05-04 10:30,MSFT,420.49,415.5,"hourly-archive (pre-deletion snapshot, rescued 2026-07-16)"
2026-05-04 11:30,MSFT,416.47,413,"hourly-archive (pre-deletion snapshot, rescued 2026-07-16)"
2026-05-04 12:30,MSFT,416.27,413.73,"hourly-archive (pre-deletion snapshot, rescued 2026-07-16)"
2026-05-04 13:30,MSFT,415.54,414.18,"hourly-archive (pre-deletion snapshot, rescued 2026-07-16)"
2026-05-04 14:30,MSFT,414.76,412.09,"hourly-archive (pre-deletion snapshot, rescued 2026-07-16)"
2026-05-04 15:30,MSFT,413.79,411.88,"hourly-archive (pre-deletion snapshot, rescued 2026-07-16)"
2026-05-05 9:30,MSFT,416.7,409.37,"hourly-archive (pre-deletion snapshot, rescued 2026-07-16)"
2026-05-05 10:30,MSFT,411.54,409.66,"hourly-archive (pre-deletion snapshot, rescued 2026-07-16)"
2026-05-05 11:30,MSFT,411.6,408.8,"hourly-archive (pre-deletion snapshot, rescued 2026-07-16)"
2026-05-05 12:30,MSFT,410.45,409.03,"hourly-archive (pre-deletion snapshot, rescued 2026-07-16)"
2026-05-05 13:30,MSFT,410.95,409.74,"hourly-archive (pre-deletion snapshot, rescued 2026-07-16)"
2026-05-05 14:30,MSFT,413.38,409.67,"hourly-archive (pre-deletion snapshot, rescued 2026-07-16)"
2026-05-05 15:30,MSFT,412.78,411.16,"hourly-archive (pre-deletion snapshot, rescued 2026-07-16)"
2026-05-06 9:30,MSFT,416.43,405.11,"hourly-archive (pre-deletion snapshot, rescued 2026-07-16)"
2026-05-06 10:30,MSFT,418.38,413.11,"hourly-archive (pre-deletion snapshot, rescued 2026-07-16)"
2026-05-06 11:30,MSFT,416.25,413.46,"hourly-archive (pre-deletion snapshot, rescued 2026-07-16)"
2026-05-06 12:30,MSFT,414.85,412.24,"hourly-archive (pre-deletion snapshot, rescued 2026-07-16)"
2026-05-06 13:30,MSFT,414.06,412.26,"hourly-archive (pre-deletion snapshot, rescued 2026-07-16)"
2026-05-06 14:30,MSFT,414.36,413.04,"hourly-archive (pre-deletion snapshot, rescued 2026-07-16)"
2026-05-06 15:30,MSFT,414.45,412.62,"hourly-archive (pre-deletion snapshot, rescued 2026-07-16)"
2026-05-07 9:30,MSFT,427.98,418.8,"hourly-archive (pre-deletion snapshot, rescued 2026-07-16)"
2026-05-07 10:30,MSFT,426.52,422.65,"hourly-archive (pre-deletion snapshot, rescued 2026-07-16)"
2026-05-07 11:30,MSFT,426.55,423.08,"hourly-archive (pre-deletion snapshot, rescued 2026-07-16)"
2026-05-07 12:30,MSFT,424.83,420.64,"hourly-archive (pre-deletion snapshot, rescued 2026-07-16)"
2026-05-07 13:30,MSFT,423.64,420.48,"hourly-archive (pre-deletion snapshot, rescued 2026-07-16)"
2026-05-07 14:30,MSFT,424.28,421,"hourly-archive (pre-deletion snapshot, rescued 2026-07-16)"
2026-05-07 15:30,MSFT,422.08,420,"hourly-archive (pre-deletion snapshot, rescued 2026-07-16)"
2026-05-08 9:30,MSFT,418.63,414.94,"hourly-archive (pre-deletion snapshot, rescued 2026-07-16)"
2026-05-08 10:30,MSFT,417.23,414.36,"hourly-archive (pre-deletion snapshot, rescued 2026-07-16)"
2026-05-08 11:30,MSFT,417.13,415.35,"hourly-archive (pre-deletion snapshot, rescued 2026-07-16)"
2026-05-08 12:30,MSFT,417.39,415.42,"hourly-archive (pre-deletion snapshot, rescued 2026-07-16)"
2026-05-08 13:30,MSFT,417.35,415.36,"hourly-archive (pre-deletion snapshot, rescued 2026-07-16)"
2026-05-08 14:30,MSFT,416.12,414.2,"hourly-archive (pre-deletion snapshot, rescued 2026-07-16)"
2026-05-08 15:30,MSFT,415.96,414,"hourly-archive (pre-deletion snapshot, rescued 2026-07-16)"
2026-05-11 9:30,MSFT,411.54,405.5,"hourly-archive (pre-deletion snapshot, rescued 2026-07-16)"
2026-05-11 10:30,MSFT,412.19,408.96,"hourly-archive (pre-deletion snapshot, rescued 2026-07-16)"
2026-05-11 11:30,MSFT,411.85,410.14,"hourly-archive (pre-deletion snapshot, rescued 2026-07-16)"
2026-05-11 12:30,MSFT,411.2,408.58,"hourly-archive (pre-deletion snapshot, rescued 2026-07-16)"
2026-05-11 13:30,MSFT,411.94,409.1,"hourly-archive (pre-deletion snapshot, rescued 2026-07-16)"
2026-05-11 14:30,MSFT,411.6,409.7,"hourly-archive (pre-deletion snapshot, rescued 2026-07-16)"
2026-05-11 15:30,MSFT,412.68,411.25,"hourly-archive (pre-deletion snapshot, rescued 2026-07-16)"
2026-05-12 9:30,MSFT,415.5,406.65,"hourly-archive (pre-deletion snapshot, rescued 2026-07-16)"
2026-05-12 10:30,MSFT,409.65,407.86,"hourly-archive (pre-deletion snapshot, rescued 2026-07-16)"
2026-05-12 11:30,MSFT,409.92,407.39,"hourly-archive (pre-deletion snapshot, rescued 2026-07-16)"
2026-05-12 12:30,MSFT,410.44,407.75,"hourly-archive (pre-deletion snapshot, rescued 2026-07-16)"
2026-05-12 13:30,MSFT,409.67,407.93,"hourly-archive (pre-deletion snapshot, rescued 2026-07-16)"
2026-05-12 14:30,MSFT,409.08,407.28,"hourly-archive (pre-deletion snapshot, rescued 2026-07-16)"
2026-05-12 15:30,MSFT,408.97,407.1,"hourly-archive (pre-deletion snapshot, rescued 2026-07-16)"
2026-05-13 9:30,MSFT,404.76,401.03,"hourly-archive (pre-deletion snapshot, rescued 2026-07-16)"
2026-05-13 10:30,MSFT,404.21,402.05,"hourly-archive (pre-deletion snapshot, rescued 2026-07-16)"
2026-05-13 11:30,MSFT,405.85,403.01,"hourly-archive (pre-deletion snapshot, rescued 2026-07-16)"
2026-05-13 12:30,MSFT,406.3,404.04,"hourly-archive (pre-deletion snapshot, rescued 2026-07-16)"
2026-05-13 13:30,MSFT,405.35,403.71,"hourly-archive (pre-deletion snapshot, rescued 2026-07-16)"
2026-05-13 14:30,MSFT,406.17,404.41,"hourly-archive (pre-deletion snapshot, rescued 2026-07-16)"
2026-05-13 15:30,MSFT,405.9,404.31,"hourly-archive (pre-deletion snapshot, rescued 2026-07-16)"
2026-05-14 9:30,MSFT,408.98,400.88,"hourly-archive (pre-deletion snapshot, rescued 2026-07-16)"
2026-05-14 10:30,MSFT,411.65,406.9,"hourly-archive (pre-deletion snapshot, rescued 2026-07-16)"
2026-05-14 11:30,MSFT,411.83,407.25,"hourly-archive (pre-deletion snapshot, rescued 2026-07-16)"
2026-05-14 12:30,MSFT,409.02,407.3,"hourly-archive (pre-deletion snapshot, rescued 2026-07-16)"
2026-05-14 13:30,MSFT,409.95,408.29,"hourly-archive (pre-deletion snapshot, rescued 2026-07-16)"
2026-05-14 14:30,MSFT,409.82,408.5,"hourly-archive (pre-deletion snapshot, rescued 2026-07-16)"
2026-05-14 15:30,MSFT,409.7,409,"hourly-archive (pre-deletion snapshot, rescued 2026-07-16)"
2026-05-15 9:30,MSFT,419.05,412.91,"hourly-archive (pre-deletion snapshot, rescued 2026-07-16)"
2026-05-15 10:30,MSFT,426.3,418.49,"hourly-archive (pre-deletion snapshot, rescued 2026-07-16)"
2026-05-15 11:30,MSFT,426.44,420.51,"hourly-archive (pre-deletion snapshot, rescued 2026-07-16)"
2026-05-15 12:30,MSFT,426.35,423.77,"hourly-archive (pre-deletion snapshot, rescued 2026-07-16)"
2026-05-15 13:30,MSFT,428.18,425.74,"hourly-archive (pre-deletion snapshot, rescued 2026-07-16)"
2026-05-15 14:30,MSFT,426.4,423.76,"hourly-archive (pre-deletion snapshot, rescued 2026-07-16)"
2026-05-15 15:30,MSFT,424.91,420.38,"hourly-archive (pre-deletion snapshot, rescued 2026-07-16)"
2026-05-18 9:30,MSFT,424.14,415.63,"hourly-archive (pre-deletion snapshot, rescued 2026-07-16)"
2026-05-18 10:30,MSFT,422.3,417,"hourly-archive (pre-deletion snapshot, rescued 2026-07-16)"
2026-05-18 11:30,MSFT,419.75,417.14,"hourly-archive (pre-deletion snapshot, rescued 2026-07-16)"
2026-05-18 12:30,MSFT,423.06,417.91,"hourly-archive (pre-deletion snapshot, rescued 2026-07-16)"
2026-05-18 13:30,MSFT,425.12,422.46,"hourly-archive (pre-deletion snapshot, rescued 2026-07-16)"
2026-05-18 14:30,MSFT,424.16,420.93,"hourly-archive (pre-deletion snapshot, rescued 2026-07-16)"
2026-05-18 15:30,MSFT,423.66,421.97,"hourly-archive (pre-deletion snapshot, rescued 2026-07-16)"
2026-05-19 9:30,MSFT,432.7,424.15,"hourly-archive (pre-deletion snapshot, rescued 2026-07-16)"
2026-05-19 10:30,MSFT,425.96,420.92,"hourly-archive (pre-deletion snapshot, rescued 2026-07-16)"
2026-05-19 11:30,MSFT,422.11,417.7,"hourly-archive (pre-deletion snapshot, rescued 2026-07-16)"
2026-05-19 12:30,MSFT,419.49,417.1,"hourly-archive (pre-deletion snapshot, rescued 2026-07-16)"
2026-05-19 13:30,MSFT,419.84,418.25,"hourly-archive (pre-deletion snapshot, rescued 2026-07-16)"
2026-05-19 14:30,MSFT,419.82,417.58,"hourly-archive (pre-deletion snapshot, rescued 2026-07-16)"
2026-05-19 15:30,MSFT,418.44,416.5,"hourly-archive (pre-deletion snapshot, rescued 2026-07-16)"
2026-05-20 9:30,MSFT,416.05,411.31,"hourly-archive (pre-deletion snapshot, rescued 2026-07-16)"
2026-05-20 10:30,MSFT,418,413.75,"hourly-archive (pre-deletion snapshot, rescued 2026-07-16)"
2026-05-20 11:30,MSFT,419.29,416.49,"hourly-archive (pre-deletion snapshot, rescued 2026-07-16)"
2026-05-20 12:30,MSFT,419.7,416.89,"hourly-archive (pre-deletion snapshot, rescued 2026-07-16)"
2026-05-20 13:30,MSFT,421.15,418.9,"hourly-archive (pre-deletion snapshot, rescued 2026-07-16)"
2026-05-20 14:30,MSFT,420.74,419.25,"hourly-archive (pre-deletion snapshot, rescued 2026-07-16)"
2026-05-20 15:30,MSFT,422.08,420.26,"hourly-archive (pre-deletion snapshot, rescued 2026-07-16)"
2026-05-21 9:30,MSFT,426.24,415.72,"hourly-archive (pre-deletion snapshot, rescued 2026-07-16)"
2026-05-21 10:30,MSFT,418.99,416.28,"hourly-archive (pre-deletion snapshot, rescued 2026-07-16)"
2026-05-21 11:30,MSFT,419.03,416.93,"hourly-archive (pre-deletion snapshot, rescued 2026-07-16)"
2026-05-21 12:30,MSFT,418.05,416.01,"hourly-archive (pre-deletion snapshot, rescued 2026-07-16)"
2026-05-21 13:30,MSFT,420.28,417.34,"hourly-archive (pre-deletion snapshot, rescued 2026-07-16)"
2026-05-21 14:30,MSFT,419.81,418.04,"hourly-archive (pre-deletion snapshot, rescued 2026-07-16)"
2026-05-21 15:30,MSFT,419.91,417.51,"hourly-archive (pre-deletion snapshot, rescued 2026-07-16)"
2026-05-22 9:30,MSFT,424.4,416.32,"hourly-archive (pre-deletion snapshot, rescued 2026-07-16)"
2026-05-22 10:30,MSFT,419.53,416.45,"hourly-archive (pre-deletion snapshot, rescued 2026-07-16)"
2026-05-22 11:30,MSFT,420.47,418.25,"hourly-archive (pre-deletion snapshot, rescued 2026-07-16)"
2026-05-22 12:30,MSFT,419.94,418.19,"hourly-archive (pre-deletion snapshot, rescued 2026-07-16)"
2026-05-22 13:30,MSFT,419.35,417.24,"hourly-archive (pre-deletion snapshot, rescued 2026-07-16)"
2026-05-22 14:30,MSFT,419.9,418.3,"hourly-archive (pre-deletion snapshot, rescued 2026-07-16)"
2026-05-22 15:30,MSFT,418.94,418.03,"hourly-archive (pre-deletion snapshot, rescued 2026-07-16)"
2026-05-26 9:30,MSFT,419.77,413.13,"hourly-archive (pre-deletion snapshot, rescued 2026-07-16)"
2026-05-26 10:30,MSFT,419.2,414.16,"hourly-archive (pre-deletion snapshot, rescued 2026-07-16)"
2026-05-26 11:30,MSFT,416.4,414.48,"hourly-archive (pre-deletion snapshot, rescued 2026-07-16)"
2026-05-26 12:30,MSFT,416.21,413.33,"hourly-archive (pre-deletion snapshot, rescued 2026-07-16)"
2026-05-26 13:30,MSFT,415.84,413.04,"hourly-archive (pre-deletion snapshot, rescued 2026-07-16)"
2026-05-26 14:30,MSFT,415.88,414.6,"hourly-archive (pre-deletion snapshot, rescued 2026-07-16)"
2026-05-26 15:30,MSFT,416.34,415.28,"hourly-archive (pre-deletion snapshot, rescued 2026-07-16)"
2026-05-27 9:30,MSFT,415.95,409.57,"hourly-archive (pre-deletion snapshot, rescued 2026-07-16)"
2026-05-27 10:30,MSFT,415.71,412.66,"hourly-archive (pre-deletion snapshot, rescued 2026-07-16)"
2026-05-27 11:30,MSFT,413.39,412.4,"hourly-archive (pre-deletion snapshot, rescued 2026-07-16)"
2026-05-27 12:30,MSFT,414.07,411.22,"hourly-archive (pre-deletion snapshot, rescued 2026-07-16)"
2026-05-27 13:30,MSFT,412.78,411.39,"hourly-archive (pre-deletion snapshot, rescued 2026-07-16)"
2026-05-27 14:30,MSFT,413.47,411.38,"hourly-archive (pre-deletion snapshot, rescued 2026-07-16)"
2026-05-27 15:30,MSFT,413.5,411.98,"hourly-archive (pre-deletion snapshot, rescued 2026-07-16)"
2026-05-28 9:30,MSFT,429.47,412.75,"hourly-archive (pre-deletion snapshot, rescued 2026-07-16)"
2026-05-28 10:30,MSFT,425.87,422.23,"hourly-archive (pre-deletion snapshot, rescued 2026-07-16)"
2026-05-28 11:30,MSFT,426.43,423.92,"hourly-archive (pre-deletion snapshot, rescued 2026-07-16)"
2026-05-28 12:30,MSFT,426.53,422.72,"hourly-archive (pre-deletion snapshot, rescued 2026-07-16)"
2026-05-28 13:30,MSFT,429.16,425.81,"hourly-archive (pre-deletion snapshot, rescued 2026-07-16)"
2026-05-28 14:30,MSFT,427.25,425.62,"hourly-archive (pre-deletion snapshot, rescued 2026-07-16)"
2026-05-28 15:30,MSFT,427.02,424.95,"hourly-archive (pre-deletion snapshot, rescued 2026-07-16)"
2026-05-29 9:30,MSFT,443.47,432.36,"hourly-archive (pre-deletion snapshot, rescued 2026-07-16)"
2026-05-29 10:30,MSFT,445.64,439.77,"hourly-archive (pre-deletion snapshot, rescued 2026-07-16)"
2026-05-29 11:30,MSFT,444.6,442.11,"hourly-archive (pre-deletion snapshot, rescued 2026-07-16)"
2026-05-29 12:30,MSFT,444.98,442.58,"hourly-archive (pre-deletion snapshot, rescued 2026-07-16)"
2026-05-29 13:30,MSFT,444.06,441.84,"hourly-archive (pre-deletion snapshot, rescued 2026-07-16)"
2026-05-29 14:30,MSFT,443.78,441.37,"hourly-archive (pre-deletion snapshot, rescued 2026-07-16)"
2026-05-29 15:30,MSFT,450.32,442.54,"hourly-archive (pre-deletion snapshot, rescued 2026-07-16)"
2026-06-01 9:30,MSFT,466.33,458.93,"hourly-archive (pre-deletion snapshot, rescued 2026-07-16)"
2026-06-01 10:30,MSFT,463.44,459.16,"hourly-archive (pre-deletion snapshot, rescued 2026-07-16)"
2026-06-01 11:30,MSFT,463.9,459.21,"hourly-archive (pre-deletion snapshot, rescued 2026-07-16)"
2026-06-01 12:30,MSFT,462.43,459.6,"hourly-archive (pre-deletion snapshot, rescued 2026-07-16)"
2026-06-01 13:30,MSFT,461.66,458.27,"hourly-archive (pre-deletion snapshot, rescued 2026-07-16)"
2026-06-01 14:30,MSFT,464.1,460.1,"hourly-archive (pre-deletion snapshot, rescued 2026-07-16)"
2026-06-01 15:30,MSFT,464.15,460.02,"hourly-archive (pre-deletion snapshot, rescued 2026-07-16)"
2026-06-02 9:30,MSFT,453.5,443.51,"hourly-archive (pre-deletion snapshot, rescued 2026-07-16)"
2026-06-02 10:30,MSFT,445.2,442.35,"hourly-archive (pre-deletion snapshot, rescued 2026-07-16)"
2026-06-02 11:30,MSFT,446.21,443.16,"hourly-archive (pre-deletion snapshot, rescued 2026-07-16)"
2026-06-02 12:30,MSFT,445.9,442.4,"hourly-archive (pre-deletion snapshot, rescued 2026-07-16)"
2026-06-02 13:30,MSFT,444.56,441.4,"hourly-archive (pre-deletion snapshot, rescued 2026-07-16)"
2026-06-02 14:30,MSFT,442.82,440.43,"hourly-archive (pre-deletion snapshot, rescued 2026-07-16)"
2026-06-02 15:30,MSFT,442.12,440.71,"hourly-archive (pre-deletion snapshot, rescued 2026-07-16)"
2026-06-03 9:30,MSFT,440.4,430.56,"hourly-archive (pre-deletion snapshot, rescued 2026-07-16)"
2026-06-03 10:30,MSFT,431.5,425.86,"hourly-archive (pre-deletion snapshot, rescued 2026-07-16)"
2026-06-03 11:30,MSFT,427.78,425.14,"hourly-archive (pre-deletion snapshot, rescued 2026-07-16)"
2026-06-03 12:30,MSFT,425.83,424.26,"hourly-archive (pre-deletion snapshot, rescued 2026-07-16)"
2026-06-03 13:30,MSFT,428.27,425.05,"hourly-archive (pre-deletion snapshot, rescued 2026-07-16)"
2026-06-03 14:30,MSFT,428.94,427.4,"hourly-archive (pre-deletion snapshot, rescued 2026-07-16)"
2026-06-03 15:30,MSFT,428.72,426.3,"hourly-archive (pre-deletion snapshot, rescued 2026-07-16)"
2026-06-04 9:30,MSFT,436.1,428.72,"hourly-archive (pre-deletion snapshot, rescued 2026-07-16)"
2026-06-04 10:30,MSFT,431.53,429,"hourly-archive (pre-deletion snapshot, rescued 2026-07-16)"
2026-06-04 11:30,MSFT,430.79,427.75,"hourly-archive (pre-deletion snapshot, rescued 2026-07-16)"
2026-06-04 12:30,MSFT,428.91,426.42,"hourly-archive (pre-deletion snapshot, rescued 2026-07-16)"
2026-06-04 13:30,MSFT,428.47,426.7,"hourly-archive (pre-deletion snapshot, rescued 2026-07-16)"
2026-06-04 14:30,MSFT,429,426.98,"hourly-archive (pre-deletion snapshot, rescued 2026-07-16)"
2026-06-04 15:30,MSFT,428.44,427,"hourly-archive (pre-deletion snapshot, rescued 2026-07-16)"
2026-06-05 9:30,MSFT,429.41,421.7,"hourly-archive (pre-deletion snapshot, rescued 2026-07-16)"
2026-06-05 10:30,MSFT,423.14,420.73,"hourly-archive (pre-deletion snapshot, rescued 2026-07-16)"
2026-06-05 11:30,MSFT,422.36,418.9,"hourly-archive (pre-deletion snapshot, rescued 2026-07-16)"
2026-06-05 12:30,MSFT,420.75,418.59,"hourly-archive (pre-deletion snapshot, rescued 2026-07-16)"
2026-06-05 13:30,MSFT,421.5,417.81,"hourly-archive (pre-deletion snapshot, rescued 2026-07-16)"
2026-06-05 14:30,MSFT,418.34,414.4,"hourly-archive (pre-deletion snapshot, rescued 2026-07-16)"
2026-06-05 15:30,MSFT,417.49,416.05,"hourly-archive (pre-deletion snapshot, rescued 2026-07-16)"
2026-06-08 9:30,MSFT,417.16,411.29,"hourly-archive (pre-deletion snapshot, rescued 2026-07-16)"
2026-06-08 10:30,MSFT,413.6,411.35,"hourly-archive (pre-deletion snapshot, rescued 2026-07-16)"
2026-06-08 11:30,MSFT,411.59,409.82,"hourly-archive (pre-deletion snapshot, rescued 2026-07-16)"
2026-06-08 12:30,MSFT,410.77,408.57,"hourly-archive (pre-deletion snapshot, rescued 2026-07-16)"
2026-06-08 13:30,MSFT,412.75,409.59,"hourly-archive (pre-deletion snapshot, rescued 2026-07-16)"
2026-06-08 14:30,MSFT,413,411.63,"hourly-archive (pre-deletion snapshot, rescued 2026-07-16)"
2026-06-08 15:30,MSFT,413.28,411.19,"hourly-archive (pre-deletion snapshot, rescued 2026-07-16)"
2026-06-09 9:30,MSFT,411.94,407.25,"hourly-archive (pre-deletion snapshot, rescued 2026-07-16)"
2026-06-09 10:30,MSFT,410,403.52,"hourly-archive (pre-deletion snapshot, rescued 2026-07-16)"
2026-06-09 11:30,MSFT,403.9,400.49,"hourly-archive (pre-deletion snapshot, rescued 2026-07-16)"
2026-06-09 12:30,MSFT,402.1,398.49,"hourly-archive (pre-deletion snapshot, rescued 2026-07-16)"
2026-06-09 13:30,MSFT,403.96,401.59,"hourly-archive (pre-deletion snapshot, rescued 2026-07-16)"
2026-06-09 14:30,MSFT,404.44,402.45,"hourly-archive (pre-deletion snapshot, rescued 2026-07-16)"
2026-06-09 15:30,MSFT,404.21,401.46,"hourly-archive (pre-deletion snapshot, rescued 2026-07-16)"
2026-06-10 9:30,MSFT,405.03,397.5,"hourly-archive (pre-deletion snapshot, rescued 2026-07-16)"
2026-06-10 10:30,MSFT,403.56,401.38,"hourly-archive (pre-deletion snapshot, rescued 2026-07-16)"
2026-06-10 11:30,MSFT,403.74,401.08,"hourly-archive (pre-deletion snapshot, rescued 2026-07-16)"
2026-06-10 12:30,MSFT,403.81,401.54,"hourly-archive (pre-deletion snapshot, rescued 2026-07-16)"
2026-06-10 13:30,MSFT,402.19,400.35,"hourly-archive (pre-deletion snapshot, rescued 2026-07-16)"
2026-06-10 14:30,MSFT,401.13,398.25,"hourly-archive (pre-deletion snapshot, rescued 2026-07-16)"
2026-06-10 15:30,MSFT,399.3,397.2,"hourly-archive (pre-deletion snapshot, rescued 2026-07-16)"
2026-06-11 9:30,MSFT,396.8,388.26,"hourly-archive (pre-deletion snapshot, rescued 2026-07-16)"
2026-06-11 10:30,MSFT,391.31,386.35,"hourly-archive (pre-deletion snapshot, rescued 2026-07-16)"
2026-06-11 11:30,MSFT,389.28,386.14,"hourly-archive (pre-deletion snapshot, rescued 2026-07-16)"
2026-06-11 12:30,MSFT,388.75,384,"hourly-archive (pre-deletion snapshot, rescued 2026-07-16)"
2026-06-11 13:30,MSFT,389.78,386.55,"hourly-archive (pre-deletion snapshot, rescued 2026-07-16)"
2026-06-11 14:30,MSFT,389.12,386.59,"hourly-archive (pre-deletion snapshot, rescued 2026-07-16)"
2026-06-11 15:30,MSFT,391.35,387.07,"hourly-archive (pre-deletion snapshot, rescued 2026-07-16)"
2026-06-12 9:30,MSFT,391.74,382.27,"hourly-archive (pre-deletion snapshot, rescued 2026-07-16)"
2026-06-12 10:30,MSFT,389.97,384,"hourly-archive (pre-deletion snapshot, rescued 2026-07-16)"
2026-06-12 11:30,MSFT,389.06,386.6,"hourly-archive (pre-deletion snapshot, rescued 2026-07-16)"
2026-06-12 12:30,MSFT,389,386.97,"hourly-archive (pre-deletion snapshot, rescued 2026-07-16)"
2026-06-12 13:30,MSFT,388.28,386.51,"hourly-archive (pre-deletion snapshot, rescued 2026-07-16)"
2026-06-12 14:30,MSFT,389.73,387.38,"hourly-archive (pre-deletion snapshot, rescued 2026-07-16)"
2026-06-12 15:30,MSFT,392.25,389.03,"hourly-archive (pre-deletion snapshot, rescued 2026-07-16)"
2026-06-15 9:30,MSFT,399.59,392.85,"hourly-archive (pre-deletion snapshot, rescued 2026-07-16)"
2026-06-15 10:30,MSFT,399.08,397.25,"hourly-archive (pre-deletion snapshot, rescued 2026-07-16)"
2026-06-15 11:30,MSFT,401.64,398.08,"hourly-archive (pre-deletion snapshot, rescued 2026-07-16)"
2026-06-15 12:30,MSFT,401.75,398.7,"hourly-archive (pre-deletion snapshot, rescued 2026-07-16)"
2026-06-15 13:30,MSFT,399.95,398.91,"hourly-archive (pre-deletion snapshot, rescued 2026-07-16)"
2026-06-15 14:30,MSFT,399.8,398.26,"hourly-archive (pre-deletion snapshot, rescued 2026-07-16)"
2026-06-15 15:30,MSFT,400.59,398.27,"hourly-archive (pre-deletion snapshot, rescued 2026-07-16)"
2026-06-16 9:30,MSFT,397.7,390.95,"hourly-archive (pre-deletion snapshot, rescued 2026-07-16)"
2026-06-16 10:30,MSFT,394.35,392.45,"hourly-archive (pre-deletion snapshot, rescued 2026-07-16)"
2026-06-16 11:30,MSFT,393.94,391.39,"hourly-archive (pre-deletion snapshot, rescued 2026-07-16)"
2026-06-16 12:30,MSFT,392.61,391.4,"hourly-archive (pre-deletion snapshot, rescued 2026-07-16)"
2026-06-16 13:30,MSFT,392.23,390.69,"hourly-archive (pre-deletion snapshot, rescued 2026-07-16)"
2026-06-16 14:30,MSFT,393.55,392.06,"hourly-archive (pre-deletion snapshot, rescued 2026-07-16)"
2026-06-16 15:30,MSFT,394.31,392.96,"hourly-archive (pre-deletion snapshot, rescued 2026-07-16)"
2026-06-17 9:30,MSFT,390.36,386.76,"hourly-archive (pre-deletion snapshot, rescued 2026-07-16)"
2026-06-17 10:30,MSFT,387.71,384.63,"hourly-archive (pre-deletion snapshot, rescued 2026-07-16)"
2026-06-17 11:30,MSFT,386.64,385.17,"hourly-archive (pre-deletion snapshot, rescued 2026-07-16)"
2026-06-17 12:30,MSFT,385.38,383.2,"hourly-archive (pre-deletion snapshot, rescued 2026-07-16)"
2026-06-17 13:30,MSFT,385.97,382.63,"hourly-archive (pre-deletion snapshot, rescued 2026-07-16)"
2026-06-17 14:30,MSFT,383.9,378.86,"hourly-archive (pre-deletion snapshot, rescued 2026-07-16)"
2026-06-17 15:30,MSFT,379.88,377.32,"hourly-archive (pre-deletion snapshot, rescued 2026-07-16)"
2026-06-18 9:30,MSFT,379.63,373.27,"hourly-archive (pre-deletion snapshot, rescued 2026-07-16)"
2026-06-18 10:30,MSFT,378.45,374.82,"hourly-archive (pre-deletion snapshot, rescued 2026-07-16)"
2026-06-18 11:30,MSFT,378.78,375.06,"hourly-archive (pre-deletion snapshot, rescued 2026-07-16)"
2026-06-18 12:30,MSFT,381.37,378.55,"hourly-archive (pre-deletion snapshot, rescued 2026-07-16)"
2026-06-18 13:30,MSFT,380.52,377.6,"hourly-archive (pre-deletion snapshot, rescued 2026-07-16)"
2026-06-18 14:30,MSFT,378.5,377.11,"hourly-archive (pre-deletion snapshot, rescued 2026-07-16)"
2026-06-18 15:30,MSFT,380.5,377.5,"hourly-archive (pre-deletion snapshot, rescued 2026-07-16)"
2026-06-22 9:30,MSFT,381.6,373.53,"hourly-archive (pre-deletion snapshot, rescued 2026-07-16)"
2026-06-22 10:30,MSFT,374.45,370.58,"hourly-archive (pre-deletion snapshot, rescued 2026-07-16)"
2026-06-22 11:30,MSFT,372.05,367.95,"hourly-archive (pre-deletion snapshot, rescued 2026-07-16)"
2026-06-22 12:30,MSFT,369.58,368,"hourly-archive (pre-deletion snapshot, rescued 2026-07-16)"
2026-06-22 13:30,MSFT,370.65,368.68,"hourly-archive (pre-deletion snapshot, rescued 2026-07-16)"
2026-06-22 14:30,MSFT,370.52,369,"hourly-archive (pre-deletion snapshot, rescued 2026-07-16)"
2026-06-22 15:30,MSFT,370.44,367.07,"hourly-archive (pre-deletion snapshot, rescued 2026-07-16)"
2026-06-23 9:30,MSFT,376.39,370.67,"hourly-archive (pre-deletion snapshot, rescued 2026-07-16)"
2026-06-23 10:30,MSFT,377.2,372.77,"hourly-archive (pre-deletion snapshot, rescued 2026-07-16)"
2026-06-23 11:30,MSFT,373.64,371.65,"hourly-archive (pre-deletion snapshot, rescued 2026-07-16)"
2026-06-23 12:30,MSFT,373.53,372.43,"hourly-archive (pre-deletion snapshot, rescued 2026-07-16)"
2026-06-23 13:30,MSFT,374.58,372.6,"hourly-archive (pre-deletion snapshot, rescued 2026-07-16)"
2026-06-23 14:30,MSFT,374.2,372.29,"hourly-archive (pre-deletion snapshot, rescued 2026-07-16)"
2026-06-23 15:30,MSFT,376.1,373.39,"hourly-archive (pre-deletion snapshot, rescued 2026-07-16)"
2026-06-24 9:30,MSFT,378.88,370.98,"hourly-archive (pre-deletion snapshot, rescued 2026-07-16)"
2026-06-24 10:30,MSFT,375.59,372.6,"hourly-archive (pre-deletion snapshot, rescued 2026-07-16)"
2026-06-24 11:30,MSFT,375.06,373.06,"hourly-archive (pre-deletion snapshot, rescued 2026-07-16)"
2026-06-24 12:30,MSFT,373.44,370.8,"hourly-archive (pre-deletion snapshot, rescued 2026-07-16)"
2026-06-24 13:30,MSFT,372.27,370.3,"hourly-archive (pre-deletion snapshot, rescued 2026-07-16)"
2026-06-24 14:30,MSFT,371.4,368.4,"hourly-archive (pre-deletion snapshot, rescued 2026-07-16)"
2026-06-24 15:30,MSFT,368.69,364.79,"hourly-archive (pre-deletion snapshot, rescued 2026-07-16)"
2026-06-25 9:30,MSFT,364.23,356.6,"hourly-archive (pre-deletion snapshot, rescued 2026-07-16)"
2026-06-25 10:30,MSFT,359.97,353.71,"hourly-archive (pre-deletion snapshot, rescued 2026-07-16)"
2026-06-25 11:30,MSFT,356.6,352.37,"hourly-archive (pre-deletion snapshot, rescued 2026-07-16)"
2026-06-25 12:30,MSFT,352.6,350.87,"hourly-archive (pre-deletion snapshot, rescued 2026-07-16)"
2026-06-25 13:30,MSFT,357.72,349.2,"hourly-archive (pre-deletion snapshot, rescued 2026-07-16)"
2026-06-25 14:30,MSFT,357.79,352.27,"hourly-archive (pre-deletion snapshot, rescued 2026-07-16)"
2026-06-25 15:30,MSFT,355.5,351.66,"hourly-archive (pre-deletion snapshot, rescued 2026-07-16)"
2026-06-26 9:30,MSFT,367.77,355.44,"hourly-archive (pre-deletion snapshot, rescued 2026-07-16)"
2026-06-26 10:30,MSFT,370.6,365.3,"hourly-archive (pre-deletion snapshot, rescued 2026-07-16)"
2026-06-26 11:30,MSFT,371.51,367.5,"hourly-archive (pre-deletion snapshot, rescued 2026-07-16)"
2026-06-26 12:30,MSFT,370.83,367.77,"hourly-archive (pre-deletion snapshot, rescued 2026-07-16)"
2026-06-26 13:30,MSFT,371.8,368.57,"hourly-archive (pre-deletion snapshot, rescued 2026-07-16)"
2026-06-26 14:30,MSFT,372,369.41,"hourly-archive (pre-deletion snapshot, rescued 2026-07-16)"
2026-06-26 15:30,MSFT,376.61,369.97,"hourly-archive (pre-deletion snapshot, rescued 2026-07-16)"
2026-06-29 9:30,MSFT,380.5,374.5,"hourly-archive (pre-deletion snapshot, rescued 2026-07-16)"
2026-06-29 10:30,MSFT,377.12,371.53,"hourly-archive (pre-deletion snapshot, rescued 2026-07-16)"
2026-06-29 11:30,MSFT,373.58,367.74,"hourly-archive (pre-deletion snapshot, rescued 2026-07-16)"
2026-06-29 12:30,MSFT,370.27,367,"hourly-archive (pre-deletion snapshot, rescued 2026-07-16)"
2026-06-29 13:30,MSFT,370.25,367.55,"hourly-archive (pre-deletion snapshot, rescued 2026-07-16)"
2026-06-29 14:30,MSFT,369.59,367.3,"hourly-archive (pre-deletion snapshot, rescued 2026-07-16)"
2026-06-29 15:30,MSFT,369,366.82,"hourly-archive (pre-deletion snapshot, rescued 2026-07-16)"
2026-06-30 9:30,MSFT,372.6,367.45,"hourly-archive (pre-deletion snapshot, rescued 2026-07-16)"
2026-06-30 10:30,MSFT,372.6,368.19,"hourly-archive (pre-deletion snapshot, rescued 2026-07-16)"
2026-06-30 11:30,MSFT,371.4,369.83,"hourly-archive (pre-deletion snapshot, rescued 2026-07-16)"
2026-06-30 12:30,MSFT,373.37,370.55,"hourly-archive (pre-deletion snapshot, rescued 2026-07-16)"
2026-06-30 13:30,MSFT,371.48,370.33,"hourly-archive (pre-deletion snapshot, rescued 2026-07-16)"
2026-06-30 14:30,MSFT,371.86,369.84,"hourly-archive (pre-deletion snapshot, rescued 2026-07-16)"
2026-06-30 15:30,MSFT,374.14,370.88,"hourly-archive (pre-deletion snapshot, rescued 2026-07-16)"
2026-07-01 9:30,MSFT,383.23,374.9,"hourly-archive (pre-deletion snapshot, rescued 2026-07-16)"
2026-07-01 10:30,MSFT,387.82,381.38,"hourly-archive (pre-deletion snapshot, rescued 2026-07-16)"
2026-07-01 11:30,MSFT,386.93,383.8,"hourly-archive (pre-deletion snapshot, rescued 2026-07-16)"
2026-07-01 12:30,MSFT,388.15,385.33,"hourly-archive (pre-deletion snapshot, rescued 2026-07-16)"
2026-07-01 13:30,MSFT,388.83,386.58,"hourly-archive (pre-deletion snapshot, rescued 2026-07-16)"
2026-07-01 14:30,MSFT,388.33,385.15,"hourly-archive (pre-deletion snapshot, rescued 2026-07-16)"
2026-07-01 15:30,MSFT,385.79,382.78,"hourly-archive (pre-deletion snapshot, rescued 2026-07-16)"
2026-07-02 9:30,MSFT,389.8,383.7,"hourly-archive (pre-deletion snapshot, rescued 2026-07-16)"
2026-07-02 10:30,MSFT,390.57,386.33,"hourly-archive (pre-deletion snapshot, rescued 2026-07-16)"
2026-07-02 11:30,MSFT,390.93,387.58,"hourly-archive (pre-deletion snapshot, rescued 2026-07-16)"
2026-07-02 12:30,MSFT,391.79,388.78,"hourly-archive (pre-deletion snapshot, rescued 2026-07-16)"
2026-07-02 13:30,MSFT,392.08,389.7,"hourly-archive (pre-deletion snapshot, rescued 2026-07-16)"
2026-07-02 14:30,MSFT,392.2,390.13,"hourly-archive (pre-deletion snapshot, rescued 2026-07-16)"
2026-07-02 15:30,MSFT,392.39,389.68,"hourly-archive (pre-deletion snapshot, rescued 2026-07-16)"
2026-07-06 9:30,MSFT,389.04,381.23,"hourly-archive (pre-deletion snapshot, rescued 2026-07-16)"
2026-07-06 10:30,MSFT,386.88,382.58,"hourly-archive (pre-deletion snapshot, rescued 2026-07-16)"
2026-07-06 11:30,MSFT,387,383.67,"hourly-archive (pre-deletion snapshot, rescued 2026-07-16)"
2026-07-06 12:30,MSFT,386.15,383.88,"hourly-archive (pre-deletion snapshot, rescued 2026-07-16)"
2026-07-06 13:30,MSFT,386.6,384.13,"hourly-archive (pre-deletion snapshot, rescued 2026-07-16)"
2026-07-06 14:30,MSFT,386.76,385.61,"hourly-archive (pre-deletion snapshot, rescued 2026-07-16)"
2026-07-06 15:30,MSFT,387.2,385.99,"hourly-archive (pre-deletion snapshot, rescued 2026-07-16)"
2026-07-07 9:30,MSFT,395.57,388.52,"hourly-archive (pre-deletion snapshot, rescued 2026-07-16)"
2026-07-07 10:30,MSFT,394.88,391.48,"hourly-archive (pre-deletion snapshot, rescued 2026-07-16)"
2026-07-07 11:30,MSFT,394.4,392.54,"hourly-archive (pre-deletion snapshot, rescued 2026-07-16)"
2026-07-07 12:30,MSFT,394.85,392.96,"hourly-archive (pre-deletion snapshot, rescued 2026-07-16)"
2026-07-07 13:30,MSFT,393.6,391.72,"hourly-archive (pre-deletion snapshot, rescued 2026-07-16)"
2026-07-07 14:30,MSFT,392.04,389.45,"hourly-archive (pre-deletion snapshot, rescued 2026-07-16)"
2026-07-07 15:30,MSFT,390.13,388.24,"hourly-archive (pre-deletion snapshot, rescued 2026-07-16)"
2026-07-08 9:30,MSFT,385.29,381.33,"hourly-archive (pre-deletion snapshot, rescued 2026-07-16)"
2026-07-08 10:30,MSFT,383.85,381.73,"hourly-archive (pre-deletion snapshot, rescued 2026-07-16)"
2026-07-08 11:30,MSFT,382.97,381.56,"hourly-archive (pre-deletion snapshot, rescued 2026-07-16)"
2026-07-08 12:30,MSFT,383.59,381.55,"hourly-archive (pre-deletion snapshot, rescued 2026-07-16)"
2026-07-08 13:30,MSFT,384.05,382.99,"hourly-archive (pre-deletion snapshot, rescued 2026-07-16)"
2026-07-08 14:30,MSFT,384.56,382.65,"hourly-archive (pre-deletion snapshot, rescued 2026-07-16)"
2026-07-08 15:30,MSFT,383.74,382.67,"hourly-archive (pre-deletion snapshot, rescued 2026-07-16)"
2026-07-09 9:30,MSFT,379.31,373.36,"hourly-archive (pre-deletion snapshot, rescued 2026-07-16)"
2026-07-09 10:30,MSFT,380.28,376.14,"hourly-archive (pre-deletion snapshot, rescued 2026-07-16)"
2026-07-09 11:30,MSFT,380.6,379,"hourly-archive (pre-deletion snapshot, rescued 2026-07-16)"
2026-07-09 12:30,MSFT,380.91,379.2,"hourly-archive (pre-deletion snapshot, rescued 2026-07-16)"
2026-07-09 13:30,MSFT,381.25,380.25,"hourly-archive (pre-deletion snapshot, rescued 2026-07-16)"
2026-07-09 14:30,MSFT,382.41,380.45,"hourly-archive (pre-deletion snapshot, rescued 2026-07-16)"
2026-07-09 15:30,MSFT,384.65,382.35,"hourly-archive (pre-deletion snapshot, rescued 2026-07-16)"
2026-07-10 9:30,MSFT,391.9,383.5,"hourly-archive (pre-deletion snapshot, rescued 2026-07-16)"
2026-07-10 10:30,MSFT,384.57,381.51,"hourly-archive (pre-deletion snapshot, rescued 2026-07-16)"
2026-07-10 11:30,MSFT,385.05,382.9,"hourly-archive (pre-deletion snapshot, rescued 2026-07-16)"
2026-07-10 12:30,MSFT,385.76,384.12,"hourly-archive (pre-deletion snapshot, rescued 2026-07-16)"
2026-07-10 13:30,MSFT,385.16,383.16,"hourly-archive (pre-deletion snapshot, rescued 2026-07-16)"
2026-07-10 14:30,MSFT,385.64,384.79,"hourly-archive (pre-deletion snapshot, rescued 2026-07-16)"
2026-07-10 15:30,MSFT,385.7,384.78,"hourly-archive (pre-deletion snapshot, rescued 2026-07-16)"